Dataset,Total_CO2_g,Total_Time_min,CO2_per_minute
MHIST,146.0291279161326,103.13685903946559,1.415877207005637
